{"stats":{"minecraft:mined":{"minecraft:birch_planks":1,"minecraft:dirt":1,"minecraft:birch_leaves":1},"minecraft:killed":{"minecraft:vindicator":2,"minecraft:skeleton":1,"minecraft:pig":1},"minecraft:custom":{"minecraft:time_since_rest":23062,"minecraft:crouch_one_cm":4478,"minecraft:sprint_one_cm":9101,"minecraft:play_time":23062,"minecraft:walk_one_cm":34264,"minecraft:damage_taken":2618,"minecraft:damage_blocked_by_shield":425,"minecraft:sneak_time":5014,"minecraft:walk_under_water_one_cm":125,"minecraft:mob_kills":4,"minecraft:jump":173,"minecraft:damage_dealt":991,"minecraft:leave_game":2,"minecraft:time_since_death":23062,"minecraft:walk_on_water_one_cm":17,"minecraft:total_world_time":23062,"minecraft:climb_one_cm":2886,"minecraft:fall_one_cm":4854,"minecraft:fly_one_cm":16821},"minecraft:used":{"minecraft:netherite_sword":13,"minecraft:dirt":6,"minecraft:shield":7},"minecraft:picked_up":{"minecraft:iron_axe":1,"minecraft:birch_planks":1,"minecraft:porkchop":3,"minecraft:dirt":1}},"DataVersion":3105}